url,is_malicious,malware_type
https://google.com,0,
https://facebook.com,0,
https://youtube.com,0,
https://twitter.com,0,
https://instagram.com,0,
https://linkedin.com,0,
https://amazon.com,0,
https://netflix.com,0,
https://spotify.com,0,
https://github.com,0,
https://stackoverflow.com,0,
https://apple.com,0,
https://microsoft.com,0,
https://wikipedia.org,0,
https://reddit.com,0,
https://dropbox.com,0,
https://wordpress.org,0,
https://nytimes.com,0,
https://cnn.com,0,
https://bbc.com,0,
https://ebay.com,0,
https://paypal.com,0,
https://medium.com,0,
https://quora.com,0,
https://pinterest.com,0,
https://tumblr.com,0,
https://vimeo.com,0,
https://shopify.com,0,
https://airbnb.com,0,
https://uber.com,0,
https://adobe.com,0,
https://salesforce.com,0,
https://slack.com,0,
https://zoom.us,0,
https://webex.com,0,
https://weather.com,0,
https://espn.com,0,
https://booking.com,0,
https://expedia.com,0,
https://tripadvisor.com,0,
http://g00gle.com,1,Phishing
http://g0ogle.com,1,Phishing
http://facebo0k.com,1,Phishing
http://tw1tter.com,1,Phishing
http://1nstagram.com,1,Phishing
http://amaz0n.com,1,Phishing
http://paypai.com,1,Phishing
http://appleid-verify.com,1,Phishing
http://microsoft-verify.com,1,Phishing
http://secure-bank.com,1,Phishing
http://bank-secure-login.com,1,Phishing
http://verify-account.net,1,Phishing
http://account-security-check.com,1,Phishing
http://login-secure-verify.net,1,Phishing
http://authorization-required.com,1,Phishing
http://secure-payment-gateway.com,1,Phishing
http://malware-installer.xyz,1,Trojan
http://free-movie-download.xyz,1,Trojan
http://cracked-software.xyz,1,Trojan
http://free-antivirus2023.xyz,1,Trojan
http://system-optimizer-pro.xyz,1,Trojan
http://get-rich-quick.xyz,1,Scam
http://lottery-winner.xyz,1,Scam
http://bitcoin-investment.xyz,1,Scam
http://crypto-mining.xyz,1,Scam
http://free-iphone-winner.xyz,1,Scam
http://download-ransomware.xyz,1,Ransomware
http://crypto-locker.xyz,1,Ransomware
http://data-encryptor.xyz,1,Ransomware
http://file-locker.xyz,1,Ransomware
http://system-locker.xyz,1,Ransomware
http://ad-popup-server.xyz,1,Adware
http://adware-distribution.xyz,1,Adware
http://popup-ads.xyz,1,Adware
http://unwanted-software.xyz,1,Adware
http://adware-installer.xyz,1,Adware
http://keylogger-download.xyz,1,Spyware
http://spy-software.xyz,1,Spyware
http://data-collector.xyz,1,Spyware
http://track-activity.xyz,1,Spyware
http://password-stealer.xyz,1,Spyware
https://banking.example.com,0,
https://secure.example.com,0,
https://login.example.com,0,
https://payment.example.com,0,
https://account.example.com,0,
https://mail.example.com,0,
https://auth.example.com,0,
https://download.example.com,0,
https://support.example.com,0,
https://help.example.com,0,
http://banking.example-phish.com,1,Phishing
http://secure.example-phish.com,1,Phishing
http://login.example-phish.com,1,Phishing
http://payment.example-phish.com,1,Phishing
http://account.example-phish.com,1,Phishing
https://news.example.com,0,
https://blog.example.com,0,
https://store.example.com,0,
https://shop.example.com,0,
https://api.example.com,0,
https://mobile.example.com,0,
https://app.example.com,0,
https://chat.example.com,0,
https://video.example.com,0,
https://learn.example.com,0,
http://download-free-movies-now.xyz/movie.php?id=123,1,Malware
http://free-software-downloads.xyz/setup.exe,1,Malware
http://cracked-games-download.xyz/installer.exe,1,Malware
http://keygen-generator.xyz/keygen.exe,1,Malware
http://warez-download.xyz/crack.zip,1,Malware
https://drive.google.com,0,
https://docs.google.com,0,
https://maps.google.com,0,
https://play.google.com,0,
https://mail.google.com,0,
https://photos.google.com,0,
https://calendar.google.com,0,
https://translate.google.com,0,
https://meet.google.com,0,
https://classroom.google.com,0,
http://mail.gooogle.com/login.php,1,Phishing
http://drive.googgle.com/login.php,1,Phishing
http://docs.g00gle.com/login.php,1,Phishing
http://maps.g0ogle.com/login.php,1,Phishing
http://login.gooogle.com/verify.php,1,Phishing
https://aws.amazon.com,0,
https://azure.microsoft.com,0,
https://cloud.google.com,0,
https://digitalocean.com,0,
https://heroku.com,0,
https://cloudflare.com,0,
https://akamai.com,0,
https://fastly.com,0,
https://cdn.com,0,
https://hostgator.com,0,
http://cryptojacking.xyz/mine.js,1,Cryptojacking
http://mining-script.xyz/miner.js,1,Cryptojacking
http://crypto-miner.xyz/worker.js,1,Cryptojacking
http://browser-miner.xyz/coin.js,1,Cryptojacking
http://silent-miner.xyz/cpu.js,1,Cryptojacking
https://www.nytimes.com/news/politics,0,
https://www.wsj.com/finance,0,
https://www.reuters.com/business,0,
https://www.bbc.com/news/world,0,
https://www.washingtonpost.com/technology,0,
https://www.theguardian.com/environment,0,
https://www.cnn.com/health,0,
https://www.foxnews.com/us,0,
https://www.nbcnews.com/politics,0,
https://www.aljazeera.com/middle-east,0,
http://breaking-news-alert.xyz/story.php?id=123,1,Phishing
http://exclusive-story.xyz/breaking.php,1,Phishing
http://news-alert-important.xyz/read.php,1,Phishing
http://emergency-broadcast.xyz/alert.php,1,Phishing
http://important-notification.xyz/warning.php,1,Phishing
https://www.bankofamerica.com,0,
https://www.chase.com,0,
https://www.wellsfargo.com,0,
https://www.citibank.com,0,
https://www.capitalone.com,0,
https://www.tdbank.com,0,
https://www.usbank.com,0,
https://www.pnc.com,0,
https://www.bbt.com,0,
https://www.santander.com,0,
http://bank0famerica.com/login.php,1,Phishing
http://chase-secure.com/verify.php,1,Phishing
http://wellsfarg0.com/account.php,1,Phishing
http://secure-citibank.com/login.php,1,Phishing
http://capital0ne-verify.com/check.php,1,Phishing
http://suspicious-url-with-too-many-subdomains.and.random.words.example.com,1,Suspicious
http://very-long-domain-name-that-seems-suspicious-and-contains-random-words.com,1,Suspicious
http://domain-with-many-hyphens-which-looks-very-suspicious-to-most-users.com,1,Suspicious
http://abcdefghijklmnopqrstuvwxyz0123456789.com,1,Suspicious
http://random-string-of-characters-qwertyuiop.com,1,Suspicious
https://facebook.com/login.php,0,
https://twitter.com/login,0,
https://instagram.com/accounts/login,0,
https://linkedin.com/login,0,
https://pinterest.com/login,0,
https://reddit.com/login,0,
https://github.com/login,0,
https://netflix.com/login,0,
https://spotify.com/login,0,
https://amazon.com/ap/signin,0,
http://facebo0k-login.com/verify.php,1,Phishing
http://tw1tter-account.com/login.php,1,Phishing
http://1nstagram-verify.com/auth.php,1,Phishing
http://l1nkedin-security.com/confirm.php,1,Phishing
http://p1nterest-account.com/check.php,1,Phishing
https://outlook.com,0,
https://gmail.com,0,
https://mail.yahoo.com,0,
https://protonmail.com,0,
https://mail.aol.com,0,
https://mail.ru,0,
https://zoho.com/mail,0,
https://icloud.com/mail,0,
https://tutanota.com,0,
https://fastmail.com,0,
http://0utlook-verify.com/login.php,1,Phishing
http://gma1l-security.com/account.php,1,Phishing
http://yah00-mail.com/verify.php,1,Phishing
http://pr0tonmail-secure.com/login.php,1,Phishing
http://mail-a0l.com/check.php,1,Phishing
